Name,Degree,Main Subject,Subjects
Alice Williams,B.A. in English,English,English Literature, Grammar, Creative Writing
Bob Johnson,B.Sc. in Chemistry,Chemistry,General Chemistry, Organic Chemistry, Lab Techniques
Carol Davis,M.A. in History,History,World History, Ancient Civilizations, Modern History
David Miller,B.Tech in Physics,Physics,Mechanics, Electricity, Optics, Thermodynamics
Emma Wilson,B.A. in Geography,Geography,Human Geography, Physical Geography, Map Skills
Frank Brown,B.Sc. in Biology,Biology,Cell Biology, Genetics, Ecology, Human Anatomy
Grace Lee,M.Sc. in Mathematics,Mathematics,Algebra, Geometry, Calculus, Statistics
Isabella Rodriguez,B.Ed. in Physical Education,PE,PAT,
James Thompson,B.Sc. in Computer Science,CS,AI,
